{
  "ts_pct": {
    "Center": {
      "mean": 0.586175,
      "std": 0.04462856275352566
    },
    "Forward": {
      "mean": 0.5714491693201358,
      "std": 0.04147284488099886
    },
    "Guard": {
      "mean": 0.5580176046983333,
      "std": 0.037183743725516326
    }
  },
  "spg": {
    "Center": {
      "mean": 0.62060502105,
      "std": 0.3030704069452162
    },
    "Forward": {
      "mean": 0.9204249822174208,
      "std": 0.39598335187991146
    },
    "Guard": {
      "mean": 1.2702284550581249,
      "std": 0.47813077079316046
    }
  },
  "rpg": {
    "Center": {
      "mean": 6.699704073691667,
      "std": 1.749395001506704
    },
    "Forward": {
      "mean": 6.651763722488688,
      "std": 1.9524652847881532
    },
    "Guard": {
      "mean": 4.172860537533333,
      "std": 1.302354964144016
    }
  },
  "apg": {
    "Center": {
      "mean": 0.9506575543291668,
      "std": 0.6074914607593769
    },
    "Forward": {
      "mean": 1.4965307016565839,
      "std": 0.8344215345429783
    },
    "Guard": {
      "mean": 3.0996463949789588,
      "std": 1.587336137909239
    }
  },
  "ppg": {
    "Center": {
      "mean": 10.631128481391666,
      "std": 3.1692262006110887
    },
    "Forward": {
      "mean": 12.761490940751132,
      "std": 3.80162246573061
    },
    "Guard": {
      "mean": 13.715330186379166,
      "std": 3.57956574052611
    }
  },
  "bpg": {
    "Center": {
      "mean": 1.8441958078450003,
      "std": 0.9273901778990479
    },
    "Forward": {
      "mean": 1.066711654251086,
      "std": 0.7104749385490943
    },
    "Guard": {
      "mean": 0.3921708508148333,
      "std": 0.3675641482412945
    }
  },
  "ws_40": {
    "Center": {
      "mean": 0.21072500000000002,
      "std": 0.05711656406644488
    },
    "Forward": {
      "mean": 0.18886918950746603,
      "std": 0.049627091546827665
    },
    "Guard": {
      "mean": 0.16043349537187498,
      "std": 0.03740260208332503
    }
  }
}